:ID(CWE),:LABEL,cwe_id:int,name:string,abstraction:string,status:string,description:string,owasp_code:string,owasp_title:string,likelihood_of_exploit:string,applicable_platforms:string
5,CWE,5,J2EE Misconfiguration: Data Transmission Without Encryption,Variant,Draft,Information sent over a network can be compromised while in transit. An attacker may be able to read or modify the contents if the data are sent in plaintext or are weakly encrypted.,,,,Java
11,CWE,11,ASP.NET Misconfiguration: Creating Debug Binary,Variant,Draft,Debugging messages help attackers learn about the system and plan a form of attack.,,,,ASP.NET
13,CWE,13,ASP.NET Misconfiguration: Password in Configuration File,Variant,Draft,Storing a plaintext password in a configuration file allows anyone who can read the file access to the password-protected resource making them an easy target for attackers.,,,,ASP.NET
15,CWE,15,External Control of System or Configuration Setting,Base,Incomplete,One or more system settings or configuration elements can be externally controlled by a user.,,,,
20,CWE,20,Improper Input Validation,Class,Stable,"The product receives input or data, but it does not validate or incorrectly validates that the input has the properties that are required to process the data safely and correctly.",,,,Not Language-Specific
22,CWE,22,Improper Limitation of a Pathname to a Restricted Directory ('Path Traversal'),Base,Stable,"The product uses external input to construct a pathname that is intended to identify a file or directory that is located underneath a restricted parent directory, but the product does not properly neutralize special elements within the pathname that can cause the pathname to resolve to a location that is outside of the restricted directory.",,,,Not Language-Specific
23,CWE,23,Relative Path Traversal,Base,Draft,"The product uses external input to construct a pathname that should be within a restricted directory, but it does not properly neutralize sequences such as .. that can resolve to a location that is outside of that directory.",,,,Not Language-Specific
36,CWE,36,Absolute Path Traversal,Base,Draft,"The product uses external input to construct a pathname that should be within a restricted directory, but it does not properly neutralize absolute path sequences such as /abs/path that can resolve to a location that is outside of that directory.",,,,Not Language-Specific
59,CWE,59,Improper Link Resolution Before File Access ('Link Following'),Base,Draft,"The product attempts to access a file based on the filename, but it does not properly prevent that filename from identifying a link or shortcut that resolves to an unintended resource.",,,,Not Language-Specific
61,CWE,61,UNIX Symbolic Link (Symlink) Following,Compound,Incomplete,"The product, when opening a file or directory, does not sufficiently account for when the file is a symbolic link that resolves to a target outside of the intended control sphere. This could allow an attacker to cause the product to operate on unauthorized files.",,,,Not Language-Specific
65,CWE,65,Windows Hard Link,Variant,Incomplete,"The product, when opening a file or directory, does not sufficiently handle when the name is associated with a hard link to a target that is outside of the intended control sphere. This could allow an attacker to cause the product to operate on unauthorized files.",,,,Not Language-Specific
73,CWE,73,External Control of File Name or Path,Base,Draft,The product allows user input to control or influence paths or file names that are used in filesystem operations.,,,,Not Language-Specific
74,CWE,74,Improper Neutralization of Special Elements in Output Used by a Downstream Component ('Injection'),Class,Incomplete,"The product constructs all or part of a command, data structure, or record using externally-influenced input from an upstream component, but it does not neutralize or incorrectly neutralizes special elements that could modify how it is parsed or interpreted when it is sent to a downstream component.",,,,Not Language-Specific
76,CWE,76,Improper Neutralization of Equivalent Special Elements,Base,Draft,"The product correctly neutralizes certain special elements, but it improperly neutralizes equivalent special elements.",,,,Not Language-Specific
77,CWE,77,Improper Neutralization of Special Elements used in a Command ('Command Injection'),Class,Draft,"The product constructs all or part of a command using externally-influenced input from an upstream component, but it does not neutralize or incorrectly neutralizes special elements that could modify the intended command when it is sent to a downstream component.",,,,Not Language-Specific
78,CWE,78,Improper Neutralization of Special Elements used in an OS Command ('OS Command Injection'),Base,Stable,"The product constructs all or part of an OS command using externally-influenced input from an upstream component, but it does not neutralize or incorrectly neutralizes special elements that could modify the intended OS command when it is sent to a downstream component.",,,,Not Language-Specific
79,CWE,79,Improper Neutralization of Input During Web Page Generation ('Cross-site Scripting'),Base,Stable,The product does not neutralize or incorrectly neutralizes user-controllable input before it is placed in output that is used as a web page that is served to other users.,,,,Not Language-Specific
80,CWE,80,Improper Neutralization of Script-Related HTML Tags in a Web Page (Basic XSS),Variant,Incomplete,"The product receives input from an upstream component, but it does not neutralize or incorrectly neutralizes special characters such as <, >, and & that could be interpreted as web-scripting elements when they are sent to a downstream component that processes web pages.",,,,Not Language-Specific
83,CWE,83,Improper Neutralization of Script in Attributes in a Web Page,Variant,Draft,"The product does not neutralize or incorrectly neutralizes javascript: or other URIs from dangerous attributes within tags, such as onmouseover, onload, onerror, or style.",,,,Not Language-Specific
86,CWE,86,Improper Neutralization of Invalid Characters in Identifiers in Web Pages,Variant,Draft,"The product does not neutralize or incorrectly neutralizes invalid characters or byte sequences in the middle of tag names, URI schemes, and other identifiers.",,,,Not Language-Specific
88,CWE,88,Improper Neutralization of Argument Delimiters in a Command ('Argument Injection'),Base,Draft,"The product constructs a string for a command to be executed by a separate component in another control sphere, but it does not properly delimit the intended arguments, options, or switches within that command string.",,,,PHP
89,CWE,89,Improper Neutralization of Special Elements used in an SQL Command ('SQL Injection'),Base,Stable,"The product constructs all or part of an SQL command using externally-influenced input from an upstream component, but it does not neutralize or incorrectly neutralizes special elements that could modify the intended SQL command when it is sent to a downstream component. Without sufficient removal or quoting of SQL syntax in user-controllable inputs, the generated SQL query can cause those inputs to be interpreted as SQL instead of ordinary user data.",,,,SQL
90,CWE,90,Improper Neutralization of Special Elements used in an LDAP Query ('LDAP Injection'),Base,Draft,"The product constructs all or part of an LDAP query using externally-influenced input from an upstream component, but it does not neutralize or incorrectly neutralizes special elements that could modify the intended LDAP query when it is sent to a downstream component.",,,,Not Language-Specific
91,CWE,91,XML Injection (aka Blind XPath Injection),Base,Draft,"The product does not properly neutralize special elements that are used in XML, allowing attackers to modify the syntax, content, or commands of the XML before it is processed by an end system.",,,,Not Language-Specific
93,CWE,93,Improper Neutralization of CRLF Sequences ('CRLF Injection'),Base,Draft,"The product uses CRLF (carriage return line feeds) as a special element, e.g. to separate lines or records, but it does not neutralize or incorrectly neutralizes CRLF sequences from inputs.",,,,Not Language-Specific
94,CWE,94,Improper Control of Generation of Code ('Code Injection'),Base,Draft,"The product constructs all or part of a code segment using externally-influenced input from an upstream component, but it does not neutralize or incorrectly neutralizes special elements that could modify the syntax or behavior of the intended code segment.",,,,Interpreted
95,CWE,95,Improper Neutralization of Directives in Dynamically Evaluated Code ('Eval Injection'),Variant,Incomplete,"The product receives input from an upstream component, but it does not neutralize or incorrectly neutralizes code syntax before using the input in a dynamic evaluation call (e.g. eval).",,,,Java
96,CWE,96,Improper Neutralization of Directives in Statically Saved Code ('Static Code Injection'),Base,Draft,"The product receives input from an upstream component, but it does not neutralize or incorrectly neutralizes code syntax before inserting the input into an executable resource, such as a library, configuration file, or template.",,,,PHP
97,CWE,97,Improper Neutralization of Server-Side Includes (SSI) Within a Web Page,Variant,Draft,"The product generates a web page, but does not neutralize or incorrectly neutralizes user-controllable input that could be interpreted as a server-side include (SSI) directive.",,,,Not Language-Specific
98,CWE,98,Improper Control of Filename for Include/Require Statement in PHP Program ('PHP Remote File Inclusion'),Variant,Draft,"The PHP application receives input from an upstream component, but it does not restrict or incorrectly restricts the input before its usage in require, include, or similar functions.",,,,PHP
99,CWE,99,Improper Control of Resource Identifiers ('Resource Injection'),Class,Draft,"The product receives input from an upstream component, but it does not restrict or incorrectly restricts the input before it is used as an identifier for a resource that may be outside the intended sphere of control.",,,,Not Language-Specific
103,CWE,103,Struts: Incomplete validate() Method Definition,Variant,Draft,"The product has a validator form that either does not define a validate() method, or defines a validate() method but does not call super.validate().",,,,Java
104,CWE,104,Struts: Form Bean Does Not Extend Validation Class,Variant,Draft,"If a form bean does not extend an ActionForm subclass of the Validator framework, it can expose the application to other weaknesses related to insufficient input validation.",,,,Java
112,CWE,112,Missing XML Validation,Base,Draft,The product accepts XML from an untrusted source but does not validate the XML against the proper schema.,,,,Not Language-Specific
113,CWE,113,Improper Neutralization of CRLF Sequences in HTTP Headers ('HTTP Request/Response Splitting'),Variant,Incomplete,"The product receives data from an HTTP agent/component (e.g., web server, proxy, browser, etc.), but it does not neutralize or incorrectly neutralizes CR and LF characters before the data is included in outgoing HTTP headers.",,,,Not Language-Specific
114,CWE,114,Process Control,Class,Incomplete,Executing commands or loading libraries from an untrusted source or in an untrusted environment can cause an application to execute malicious commands (and payloads) on behalf of an attacker.,,,,Not Language-Specific
115,CWE,115,Misinterpretation of Input,Base,Incomplete,"The product misinterprets an input, whether from an attacker or another product, in a security-relevant fashion.",,,,Not Language-Specific
116,CWE,116,Improper Encoding or Escaping of Output,Class,Draft,"The product prepares a structured message for communication with another component, but encoding or escaping of the data is either missing or done incorrectly. As a result, the intended structure of the message is not preserved.",,,,Not Language-Specific
117,CWE,117,Improper Output Neutralization for Logs,Base,Draft,"The product constructs a log message from external input, but it does not neutralize or incorrectly neutralizes special elements when the message is written to a log file.",,,,Not Language-Specific
129,CWE,129,Improper Validation of Array Index,Variant,Draft,"The product uses untrusted input when calculating or using an array index, but the product does not validate or incorrectly validates the index to ensure the index references a valid position within the array.",,,,C
159,CWE,159,Improper Handling of Invalid Use of Special Elements,Class,Draft,"The product does not properly filter, remove, quote, or otherwise manage the invalid use of special elements in user-controlled input, which could cause adverse effect on its behavior and integrity.",,,,Not Language-Specific
183,CWE,183,Permissive List of Allowed Inputs,Base,Draft,"The product implements a protection mechanism that relies on a list of inputs (or properties of inputs) that are explicitly allowed by policy because the inputs are assumed to be safe, but the list is too permissive - that is, it allows an input that is unsafe, leading to resultant weaknesses.",,,,Not Language-Specific
200,CWE,200,Exposure of Sensitive Information to an Unauthorized Actor,Class,Draft,The product exposes sensitive information to an actor that is not explicitly authorized to have access to that information.,,,,Not Language-Specific
201,CWE,201,Insertion of Sensitive Information Into Sent Data,Base,Draft,"The code transmits data to another actor, but a portion of the data includes sensitive information that should not be accessible to that actor.",,,,Not Language-Specific
209,CWE,209,Generation of Error Message Containing Sensitive Information,Base,Draft,"The product generates an error message that includes sensitive information about its environment, users, or associated data.",,,,PHP
215,CWE,215,Insertion of Sensitive Information Into Debugging Code,Base,Draft,"The product inserts sensitive information into debugging code, which could expose this information if the debugging code is not disabled in production.",,,,Not Language-Specific
219,CWE,219,Storage of File with Sensitive Data Under Web Root,Variant,Draft,"The product stores sensitive data under the web document root with insufficient access control, which might make it accessible to untrusted parties.",,,,Not Language-Specific
221,CWE,221,Information Loss or Omission,Class,Incomplete,"The product does not record, or improperly records, security-relevant information that leads to an incorrect decision or hampers later analysis.",,,,Not Language-Specific
223,CWE,223,Omission of Security-relevant Information,Base,Draft,"The product does not record or display information that would be important for identifying the source or nature of an attack, or determining if an action is safe.",,,,Not Language-Specific
234,CWE,234,Failure to Handle Missing Parameter,Variant,Incomplete,"If too few arguments are sent to a function, the function will still pop the expected number of arguments from the stack. Potentially, a variable number of arguments could be exhausted in a function as well.",,,,Not Language-Specific
235,CWE,235,Improper Handling of Extra Parameters,Variant,Draft,"The product does not handle or incorrectly handles when the number of parameters, fields, or arguments with the same name exceeds the expected amount.",,,,Not Language-Specific
248,CWE,248,Uncaught Exception,Base,Draft,"An exception is thrown from a function, but it is not caught.",,,,C++
252,CWE,252,Unchecked Return Value,Base,Draft,"The product does not check the return value from a method or function, which can prevent it from detecting unexpected states and conditions.",,,,Not Language-Specific
256,CWE,256,Plaintext Storage of a Password,Base,Incomplete,The product stores a password in plaintext within resources such as memory or files.,,,,Not Language-Specific
258,CWE,258,Empty Password in Configuration File,Variant,Incomplete,Using an empty string as a password is insecure.,,,,Not Language-Specific
259,CWE,259,Use of Hard-coded Password,Variant,Draft,"The product contains a hard-coded password, which it uses for its own inbound authentication or for outbound communication to external components.",,,,Not Language-Specific
260,CWE,260,Password in Configuration File,Base,Incomplete,The product stores a password in a configuration file that might be accessible to actors who do not know the password.,,,,Not Language-Specific
261,CWE,261,Weak Encoding for Password,Base,Incomplete,Obscuring a password with a trivial encoding does not protect the password.,,,,Not Language-Specific
266,CWE,266,Incorrect Privilege Assignment,Base,Draft,"A product incorrectly assigns a privilege to a particular actor, creating an unintended sphere of control for that actor.",,,,Not Language-Specific
269,CWE,269,Improper Privilege Management,Class,Draft,"The product does not properly assign, modify, track, or check privileges for an actor, creating an unintended sphere of control for that actor.",,,,Not Language-Specific
274,CWE,274,Improper Handling of Insufficient Privileges,Base,Draft,"The product does not handle or incorrectly handles when it has insufficient privileges to perform an operation, leading to resultant weaknesses.",,,,Not Language-Specific
276,CWE,276,Incorrect Default Permissions,Base,Draft,"During installation, installed file permissions are set to allow anyone to modify those files.",,,,Not Language-Specific
280,CWE,280,Improper Handling of Insufficient Permissions or Privileges,Base,Draft,The product does not handle or incorrectly handles when it has insufficient privileges to access resources or functionality as specified by their permissions. This may cause it to follow unexpected code paths that may leave the product in an invalid state.,,,,Not Language-Specific
281,CWE,281,Improper Preservation of Permissions,Base,Draft,"The product does not preserve permissions or incorrectly preserves permissions when copying, restoring, or sharing objects, which can cause them to have less restrictive permissions than intended.",,,,Not Language-Specific
282,CWE,282,Improper Ownership Management,Class,Draft,"The product assigns the wrong ownership, or does not properly verify the ownership, of an object or resource.",,,,Not Language-Specific
283,CWE,283,Unverified Ownership,Base,Draft,The product does not properly verify that a critical resource is owned by the proper entity.,,,,Not Language-Specific
284,CWE,284,Improper Access Control,Pillar,Incomplete,The product does not restrict or incorrectly restricts access to a resource from an unauthorized actor.,,,,Not Language-Specific
285,CWE,285,Improper Authorization,Class,Draft,The product does not perform or incorrectly performs an authorization check when an actor attempts to access a resource or perform an action.,,,,Not Language-Specific
286,CWE,286,Incorrect User Management,Class,Incomplete,The product does not properly manage a user within its environment.,,,,Not Language-Specific
287,CWE,287,Improper Authentication,Class,Draft,"When an actor claims to have a given identity, the product does not prove or insufficiently proves that the claim is correct.",,,,Not Language-Specific
288,CWE,288,Authentication Bypass Using an Alternate Path or Channel,Base,Incomplete,"The product requires authentication, but the product has an alternate path or channel that does not require authentication.",,,,Not Language-Specific
289,CWE,289,Authentication Bypass by Alternate Name,Base,Incomplete,"The product performs authentication based on the name of a resource being accessed, or the name of the actor performing the access, but it does not properly check all possible names for that resource or actor.",,,,Not Language-Specific
290,CWE,290,Authentication Bypass by Spoofing,Base,Incomplete,This attack-focused weakness is caused by incorrectly implemented authentication schemes that are subject to spoofing attacks.,,,,Not Language-Specific
291,CWE,291,Reliance on IP Address for Authentication,Variant,Incomplete,The product uses an IP address for authentication.,,,,Not Language-Specific
293,CWE,293,Using Referer Field for Authentication,Variant,Draft,"The referer field in HTTP requests can be easily modified and, as such, is not a valid means of message integrity checking.",,,,Not Language-Specific
294,CWE,294,Authentication Bypass by Capture-replay,Base,Incomplete,A capture-replay flaw exists when the design of the product makes it possible for a malicious user to sniff network traffic and bypass authentication by replaying it to the server in question to the same effect as the original message (or with minor changes).,,,,Not Language-Specific
295,CWE,295,Improper Certificate Validation,Base,Draft,"The product does not validate, or incorrectly validates, a certificate.",,,,Not Language-Specific
296,CWE,296,Improper Following of a Certificate's Chain of Trust,Base,Draft,"The product does not follow, or incorrectly follows, the chain of trust for a certificate back to a trusted root certificate.",,,,Not Language-Specific
297,CWE,297,Improper Validation of Certificate with Host Mismatch,Variant,Incomplete,"The product communicates with a host that provides a certificate, but the product does not properly ensure that the certificate is actually associated with that host.",,,,Not Language-Specific
298,CWE,298,Improper Validation of Certificate Expiration,Variant,Draft,A certificate expiration is not validated or is incorrectly validated.,,,,Not Language-Specific
299,CWE,299,Improper Check for Certificate Revocation,Base,Draft,"The product does not check or incorrectly checks the revocation status of a certificate, which may cause it to use a certificate that has been compromised.",,,,Not Language-Specific
300,CWE,300,Channel Accessible by Non-Endpoint,Class,Draft,"The product does not adequately verify the identity of actors at both ends of a communication channel, or does not adequately ensure the integrity of the channel, in a way that allows the channel to be accessed or influenced by an actor that is not an endpoint.",,,,Not Language-Specific
302,CWE,302,Authentication Bypass by Assumed-Immutable Data,Base,Incomplete,"The authentication scheme or implementation uses key data elements that are assumed to be immutable, but can be controlled or modified by the attacker.",,,,Not Language-Specific
303,CWE,303,Incorrect Implementation of Authentication Algorithm,Base,Draft,"The requirements for the product dictate the use of an established authentication algorithm, but the implementation of the algorithm is incorrect.",,,,Not Language-Specific
304,CWE,304,Missing Critical Step in Authentication,Base,Draft,"The product implements an authentication technique, but it skips a step that weakens the technique.",,,,Not Language-Specific
305,CWE,305,Authentication Bypass by Primary Weakness,Base,Draft,"The authentication algorithm is sound, but the implemented mechanism can be bypassed as the result of a separate weakness that is primary to the authentication error.",,,,Not Language-Specific
306,CWE,306,Missing Authentication for Critical Function,Base,Draft,The product does not perform any authentication for functionality that requires a provable user identity or consumes a significant amount of resources.,,,,Not Language-Specific
307,CWE,307,Improper Restriction of Excessive Authentication Attempts,Base,Draft,The product does not implement sufficient measures to prevent multiple failed authentication attempts within a short time frame.,,,,Not Language-Specific
308,CWE,308,Use of Single-factor Authentication,Base,Draft,"The product uses an authentication algorithm that uses a single factor (e.g., a password) in a security context that should require more than one factor.",,,,Not Language-Specific
309,CWE,309,Use of Password System for Primary Authentication,Base,Draft,"The use of password systems as the primary means of authentication may be subject to several flaws or shortcomings, each reducing the effectiveness of the mechanism.",,,,Not Language-Specific
311,CWE,311,Missing Encryption of Sensitive Data,Class,Draft,The product does not encrypt sensitive or critical information before storage or transmission.,,,,Not Language-Specific
312,CWE,312,Cleartext Storage of Sensitive Information,Base,Draft,The product stores sensitive information in cleartext within a resource that might be accessible to another control sphere.,,,,Not Language-Specific
313,CWE,313,Cleartext Storage in a File or on Disk,Variant,Draft,"The product stores sensitive information in cleartext in a file, or on disk.",,,,Not Language-Specific
315,CWE,315,Cleartext Storage of Sensitive Information in a Cookie,Variant,Draft,The product stores sensitive information in cleartext in a cookie.,,,,Not Language-Specific
316,CWE,316,Cleartext Storage of Sensitive Information in Memory,Variant,Draft,The product stores sensitive information in cleartext in memory.,,,,Not Language-Specific
319,CWE,319,Cleartext Transmission of Sensitive Information,Base,Draft,The product transmits sensitive or security-critical data in cleartext in a communication channel that can be sniffed by unauthorized actors.,,,,Not Language-Specific
321,CWE,321,Use of Hard-coded Cryptographic Key,Variant,Draft,"The product uses a hard-coded, unchangeable cryptographic key.",,,,Not Language-Specific
322,CWE,322,Key Exchange without Entity Authentication,Base,Draft,The product performs a key exchange with an actor without verifying the identity of that actor.,,,,Not Language-Specific
323,CWE,323,"Reusing a Nonce, Key Pair in Encryption",Base,Incomplete,Nonces should be used for the present occasion and only once.,,,,Not Language-Specific
324,CWE,324,Use of a Key Past its Expiration Date,Base,Draft,"The product uses a cryptographic key or password past its expiration date, which diminishes its safety significantly by increasing the timing window for cracking attacks against that key.",,,,Not Language-Specific
325,CWE,325,Missing Cryptographic Step,Base,Draft,"The product does not implement a required step in a cryptographic algorithm, resulting in weaker encryption than advertised by the algorithm.",,,,Not Language-Specific
326,CWE,326,Inadequate Encryption Strength,Class,Draft,"The product stores or transmits sensitive data using an encryption scheme that is theoretically sound, but is not strong enough for the level of protection required.",,,,Not Language-Specific
327,CWE,327,Use of a Broken or Risky Cryptographic Algorithm,Class,Draft,The product uses a broken or risky cryptographic algorithm or protocol.,,,,Verilog
328,CWE,328,Use of Weak Hash,Base,Draft,"The product uses an algorithm that produces a digest (output value) that does not meet security expectations for a hash function that allows an adversary to reasonably determine the original input (preimage attack), find another input that can produce the same hash (2nd preimage attack), or find multiple inputs that evaluate to the same hash (birthday attack).",,,,Not Language-Specific
329,CWE,329,Generation of Predictable IV with CBC Mode,Variant,Draft,"The product generates and uses a predictable initialization Vector (IV) with Cipher Block Chaining (CBC) Mode, which causes algorithms to be susceptible to dictionary attacks when they are encrypted under the same key.",,,,Not Language-Specific
330,CWE,330,Use of Insufficiently Random Values,Class,Stable,The product uses insufficiently random numbers or values in a security context that depends on unpredictable numbers.,,,,Not Language-Specific
331,CWE,331,Insufficient Entropy,Base,Draft,"The product uses an algorithm or scheme that produces insufficient entropy, leaving patterns or clusters of values that are more likely to occur than others.",,,,Not Language-Specific
332,CWE,332,Insufficient Entropy in PRNG,Variant,Draft,"The lack of entropy available for, or used by, a Pseudo-Random Number Generator (PRNG) can be a stability and security threat.",,,,Not Language-Specific
334,CWE,334,Small Space of Random Values,Base,Draft,"The number of possible random values is smaller than needed by the product, making it more susceptible to brute force attacks.",,,,Not Language-Specific
335,CWE,335,Incorrect Usage of Seeds in Pseudo-Random Number Generator (PRNG),Base,Draft,The product uses a Pseudo-Random Number Generator (PRNG) but does not correctly manage seeds.,,,,Not Language-Specific
336,CWE,336,Same Seed in Pseudo-Random Number Generator (PRNG),Variant,Draft,A Pseudo-Random Number Generator (PRNG) uses the same seed each time the product is initialized.,,,,Not Language-Specific
337,CWE,337,Predictable Seed in Pseudo-Random Number Generator (PRNG),Variant,Draft,"A Pseudo-Random Number Generator (PRNG) is initialized from a predictable seed, such as the process ID or system time.",,,,Not Language-Specific
338,CWE,338,Use of Cryptographically Weak Pseudo-Random Number Generator (PRNG),Base,Draft,"The product uses a Pseudo-Random Number Generator (PRNG) in a security context, but the PRNG's algorithm is not cryptographically strong.",,,,Not Language-Specific
340,CWE,340,Generation of Predictable Numbers or Identifiers,Class,Incomplete,The product uses a scheme that generates numbers or identifiers that are more predictable than required.,,,,Not Language-Specific
342,CWE,342,Predictable Exact Value from Previous Values,Base,Draft,An exact value or random number can be precisely predicted by observing previous values.,,,,Not Language-Specific
345,CWE,345,Insufficient Verification of Data Authenticity,Class,Draft,"The product does not sufficiently verify the origin or authenticity of data, in a way that causes it to accept invalid data.",,,,Not Language-Specific
346,CWE,346,Origin Validation Error,Class,Draft,The product does not properly verify that the source of data or communication is valid.,,,,Not Language-Specific
347,CWE,347,Improper Verification of Cryptographic Signature,Base,Draft,"The product does not verify, or incorrectly verifies, the cryptographic signature for data.",,,,Not Language-Specific
350,CWE,350,Reliance on Reverse DNS Resolution for a Security-Critical Action,Variant,Draft,"The product performs reverse DNS resolution on an IP address to obtain the hostname and make a security decision, but it does not properly ensure that the IP address is truly associated with the hostname.",,,,Not Language-Specific
352,CWE,352,Cross-Site Request Forgery (CSRF),Compound,Stable,"The web application does not, or cannot, sufficiently verify whether a request was intentionally provided by the user who sent the request, which could have originated from an unauthorized actor.",,,,Not Language-Specific
353,CWE,353,Missing Support for Integrity Check,Base,Draft,"The product uses a transmission protocol that does not include a mechanism for verifying the integrity of the data during transmission, such as a checksum.",,,,Not Language-Specific
359,CWE,359,Exposure of Private Personal Information to an Unauthorized Actor,Base,Incomplete,"The product does not properly prevent a person's private, personal information from being accessed by actors who either (1) are not explicitly authorized to access the information or (2) do not have the implicit consent of the person about whom the information is collected.",,,,Not Language-Specific
362,CWE,362,Concurrent Execution using Shared Resource with Improper Synchronization ('Race Condition'),Class,Draft,"The product contains a concurrent code sequence that requires temporary, exclusive access to a shared resource, but a timing window exists in which the shared resource can be modified by another code sequence operating concurrently.",,,,C
369,CWE,369,Divide By Zero,Base,Draft,The product divides a value by zero.,,,,Not Language-Specific
377,CWE,377,Insecure Temporary File,Class,Incomplete,Creating and using insecure temporary files can leave application and system data vulnerable to attack.,,,,Not Language-Specific
379,CWE,379,Creation of Temporary File in Directory with Insecure Permissions,Base,Incomplete,The product creates a temporary file in a directory whose permissions allow unintended actors to determine the file's existence or otherwise access that file.,,,,Not Language-Specific
382,CWE,382,J2EE Bad Practices: Use of System.exit(),Variant,Draft,"A J2EE application uses System.exit(), which also shuts down its container.",,,,Java
384,CWE,384,Session Fixation,Compound,Incomplete,"Authenticating a user, or otherwise establishing a new user session, without invalidating any existing session identifier gives an attacker the opportunity to steal authenticated sessions.",,,,Not Language-Specific
390,CWE,390,Detection of Error Condition Without Action,Base,Draft,"The product detects a specific error, but takes no actions to handle the error.",,,,Not Language-Specific
391,CWE,391,Unchecked Error Condition,Base,Incomplete,"[PLANNED FOR DEPRECATION. SEE MAINTENANCE NOTES AND CONSIDER CWE-252, CWE-248, OR CWE-1069.] Ignoring exceptions and other error conditions may allow an attacker to induce unexpected behavior unnoticed.",,,,Not Language-Specific
394,CWE,394,Unexpected Status Code or Return Value,Base,Draft,"The product does not properly check when a function or operation returns a value that is legitimate for the function, but is not expected by the product.",,,,Not Language-Specific
396,CWE,396,Declaration of Catch for Generic Exception,Base,Draft,Catching overly broad exceptions promotes complex error handling code that is more likely to contain security vulnerabilities.,,,,C++
397,CWE,397,Declaration of Throws for Generic Exception,Base,Draft,The product throws or raises an overly broad exceptions that can hide important details and produce inappropriate responses to certain conditions.,,,,C++
402,CWE,402,Transmission of Private Resources into a New Sphere ('Resource Leak'),Class,Draft,The product makes resources available to untrusted parties when those resources are only intended to be accessed by the product.,,,,Not Language-Specific
419,CWE,419,Unprotected Primary Channel,Base,Draft,"The product uses a primary channel for administration or restricted functionality, but it does not properly protect the channel.",,,,Not Language-Specific
424,CWE,424,Improper Protection of Alternate Path,Class,Draft,The product does not sufficiently protect all possible paths that a user can take to access restricted functionality or resources.,,,,Not Language-Specific
425,CWE,425,Direct Request ('Forced Browsing'),Base,Incomplete,"The web application does not adequately enforce appropriate authorization on all restricted URLs, scripts, or files.",,,,Not Language-Specific
426,CWE,426,Untrusted Search Path,Base,Stable,The product searches for critical resources using an externally-supplied search path that can point to resources that are not under the product's direct control.,,,,Not Language-Specific
427,CWE,427,Uncontrolled Search Path Element,Base,Draft,"The product uses a fixed or controlled search path to find resources, but one or more locations in that path can be under the control of unintended actors.",,,,Not Language-Specific
434,CWE,434,Unrestricted Upload of File with Dangerous Type,Base,Draft,The product allows the upload or transfer of dangerous file types that are automatically processed within its environment.,,,,ASP.NET
436,CWE,436,Interpretation Conflict,Class,Incomplete,"Product A handles inputs or steps differently than Product B, which causes A to perform incorrect actions based on its perception of B's state.",,,,Not Language-Specific
441,CWE,441,Unintended Proxy or Intermediary ('Confused Deputy'),Class,Draft,"The product receives a request, message, or directive from an upstream component, but the product does not sufficiently preserve the original source of the request before forwarding the request to an external actor that is outside of the product's control sphere. This causes the product to appear to be the source of the request, leading it to act as a proxy or other intermediary between the upstream component and the external actor.",,,,Not Language-Specific
444,CWE,444,Inconsistent Interpretation of HTTP Requests ('HTTP Request/Response Smuggling'),Base,Incomplete,"The product acts as an intermediary HTTP agent (such as a proxy or firewall) in the data flow between two entities such as a client and server, but it does not interpret malformed HTTP requests or responses in ways that are consistent with how the messages will be processed by those entities that are at the ultimate destination.",,,,Not Language-Specific
447,CWE,447,Unimplemented or Unsupported Feature in UI,Base,Draft,"A UI function for a security feature appears to be supported and gives feedback to the user that suggests that it is supported, but the underlying functionality is not implemented.",,,,Not Language-Specific
451,CWE,451,User Interface (UI) Misrepresentation of Critical Information,Class,Draft,"The user interface (UI) does not properly represent critical information to the user, allowing the information - or its source - to be obscured or spoofed. This is often a component in phishing attacks.",,,,Not Language-Specific
454,CWE,454,External Initialization of Trusted Variables or Data Stores,Base,Draft,The product initializes critical internal variables or data stores using inputs that can be modified by untrusted actors.,,,,PHP
460,CWE,460,Improper Cleanup on Thrown Exception,Base,Draft,"The product does not clean up its state or incorrectly cleans up its state when an exception is thrown, leading to unexpected state or control flow.",,,,C
470,CWE,470,Use of Externally-Controlled Input to Select Classes or Code ('Unsafe Reflection'),Base,Draft,"The product uses external input with reflection to select which classes or code to use, but it does not sufficiently prevent the input from selecting improper classes or code.",,,,Java
472,CWE,472,External Control of Assumed-Immutable Web Parameter,Base,Draft,"The web application does not sufficiently verify inputs that are assumed to be immutable but are actually externally controllable, such as hidden form fields.",,,,Not Language-Specific
476,CWE,476,NULL Pointer Dereference,Base,Stable,The product dereferences a pointer that it expects to be valid but is NULL.,,,,C
477,CWE,477,Use of Obsolete Function,Base,Draft,"The code uses deprecated or obsolete functions, which suggests that the code has not been actively reviewed or maintained.",,,,Not Language-Specific
478,CWE,478,Missing Default Case in Multiple Condition Expression,Base,Draft,"The code does not have a default case in an expression with multiple conditions, such as a switch statement.",,,,C
484,CWE,484,Omitted Break Statement in Switch,Base,Draft,"The product omits a break statement within a switch or similar construct, causing code associated with multiple conditions to execute. This can cause problems when the programmer only intended to execute code associated with one condition.",,,,C
489,CWE,489,Active Debug Code,Base,Draft,The product is released with debugging code still enabled or active.,,,,Not Language-Specific
493,CWE,493,Critical Public Variable Without Final Modifier,Variant,Draft,"The product has a critical public variable that is not final, which allows the variable to be modified to contain unexpected values.",,,,Java
494,CWE,494,Download of Code Without Integrity Check,Base,Draft,The product downloads source code or an executable from a remote location and executes the code without sufficiently verifying the origin and integrity of the code.,,,,Not Language-Specific
497,CWE,497,Exposure of Sensitive System Information to an Unauthorized Control Sphere,Base,Incomplete,The product does not properly prevent sensitive system-level information from being accessed by unauthorized actors who do not have the same level of access to the underlying system as the product does.,,,,Not Language-Specific
500,CWE,500,Public Static Field Not Marked Final,Variant,Draft,"An object contains a public static field that is not marked final, which might allow it to be modified in unexpected ways.",,,,C++
501,CWE,501,Trust Boundary Violation,Base,Draft,The product mixes trusted and untrusted data in the same data structure or structured message.,,,,Not Language-Specific
502,CWE,502,Deserialization of Untrusted Data,Base,Draft,The product deserializes untrusted data without sufficiently ensuring that the resulting data will be valid.,,,,Java
506,CWE,506,Embedded Malicious Code,Class,Incomplete,The product contains code that appears to be malicious in nature.,,,,Not Language-Specific
509,CWE,509,Replicating Malicious Code (Virus or Worm),Base,Incomplete,"Replicating malicious code, including viruses and worms, will attempt to attack other systems once it has successfully compromised the target system or the product.",,,,Not Language-Specific
521,CWE,521,Weak Password Requirements,Base,Draft,The product does not require that users should have strong passwords.,,,,Not Language-Specific
522,CWE,522,Insufficiently Protected Credentials,Class,Incomplete,"The product transmits or stores authentication credentials, but it uses an insecure method that is susceptible to unauthorized interception and/or retrieval.",,,,Not Language-Specific
523,CWE,523,Unprotected Transport of Credentials,Base,Incomplete,Login pages do not use adequate measures to protect the user name and password while they are in transit from the client to the server.,,,,Not Language-Specific
525,CWE,525,Use of Web Browser Cache Containing Sensitive Information,Variant,Incomplete,The web application does not use an appropriate caching policy that specifies the extent to which each web page and associated form fields should be cached.,,,,Not Language-Specific
526,CWE,526,Cleartext Storage of Sensitive Information in an Environment Variable,Variant,Incomplete,The product uses an environment variable to store unencrypted sensitive information.,,,,Not Language-Specific
532,CWE,532,Insertion of Sensitive Information into Log File,Base,Incomplete,The product writes sensitive information to a log file.,,,,Not Language-Specific
538,CWE,538,Insertion of Sensitive Information into Externally-Accessible File or Directory,Base,Draft,"The product places sensitive information into files or directories that are accessible to actors who are allowed to have access to the files, but not to the sensitive information.",,,,Not Language-Specific
539,CWE,539,Use of Persistent Cookies Containing Sensitive Information,Variant,Incomplete,"The web application uses persistent cookies, but the cookies contain sensitive information.",,,,Not Language-Specific
540,CWE,540,Inclusion of Sensitive Information in Source Code,Base,Incomplete,Source code on a web server or repository often contains sensitive information and should generally not be accessible to users.,,,,Not Language-Specific
547,CWE,547,"Use of Hard-coded, Security-relevant Constants",Base,Draft,"The product uses hard-coded constants instead of symbolic names for security-critical values, which increases the likelihood of mistakes during code maintenance or security policy change.",,,,Not Language-Specific
548,CWE,548,Exposure of Information Through Directory Listing,Variant,Draft,The product inappropriately exposes a directory listing with an index of all the resources located inside of the directory.,,,,Not Language-Specific
550,CWE,550,Server-generated Error Message Containing Sensitive Information,Variant,Incomplete,"Certain conditions, such as network failure, will cause a server error message to be displayed.",,,,Not Language-Specific
552,CWE,552,Files or Directories Accessible to External Parties,Base,Draft,"The product makes files or directories accessible to unauthorized actors, even though they should not be.",,,,Not Language-Specific
564,CWE,564,SQL Injection: Hibernate,Variant,Incomplete,Using Hibernate to execute a dynamic SQL statement built with user-controlled input can allow an attacker to modify the statement's meaning or to execute arbitrary SQL commands.,,,,SQL
565,CWE,565,Reliance on Cookies without Validation and Integrity Checking,Base,Incomplete,"The product relies on the existence or values of cookies when performing security-critical operations, but it does not properly ensure that the setting is valid for the associated user.",,,,Not Language-Specific
566,CWE,566,Authorization Bypass Through User-Controlled SQL Primary Key,Variant,Incomplete,"The product uses a database table that includes records that should not be accessible to an actor, but it executes a SQL statement with a primary key that can be controlled by that actor.",,,,SQL
598,CWE,598,Use of HTTP Request With Sensitive Query String,Variant,Draft,"The web application uses an HTTP method to process a request, but the request includes sensitive information in the query string.",,,,Not Language-Specific
601,CWE,601,URL Redirection to Untrusted Site ('Open Redirect'),Base,Draft,"The web application accepts a user-controlled input that specifies a link to an external site, and uses that link in a redirect.",,,,Not Language-Specific
602,CWE,602,Client-Side Enforcement of Server-Side Security,Class,Draft,The product is composed of a server that relies on the client to implement a mechanism that is intended to protect the server.,,,,Not Language-Specific
610,CWE,610,Externally Controlled Reference to a Resource in Another Sphere,Class,Draft,The product uses an externally controlled name or reference that resolves to a resource that is outside of the intended control sphere.,,,,Not Language-Specific
611,CWE,611,Improper Restriction of XML External Entity Reference,Base,Draft,"The product processes an XML document that can contain XML entities with URIs that resolve to documents outside of the intended sphere of control, causing the product to embed incorrect documents into its output.",,,,XML
613,CWE,613,Insufficient Session Expiration,Base,Incomplete,"According to WASC, Insufficient Session Expiration is when a web site permits an attacker to reuse old session credentials or session IDs for authorization.",,,,Not Language-Specific
614,CWE,614,Sensitive Cookie in HTTPS Session Without 'Secure' Attribute,Variant,Draft,The Secure attribute for sensitive cookies in HTTPS sessions is not set.,,,,
615,CWE,615,Inclusion of Sensitive Information in Source Code Comments,Variant,Incomplete,"While adding general comments is very useful, some programmers tend to leave important data, such as: filenames related to the web application, old links or links which were not meant to be browsed by users, old code fragments, etc.",,,,Not Language-Specific
620,CWE,620,Unverified Password Change,Base,Draft,"When setting a new password for a user, the product does not require knowledge of the original password, or using another form of authentication.",,,,Not Language-Specific
628,CWE,628,Function Call with Incorrectly Specified Arguments,Base,Draft,"The product calls a function, procedure, or routine with arguments that are not correctly specified, leading to always-incorrect behavior and resultant weaknesses.",,,,Not Language-Specific
636,CWE,636,Not Failing Securely ('Failing Open'),Class,Draft,"When the product encounters an error condition or failure, its design requires it to fall back to a state that is less secure than other options that are available, such as selecting the weakest encryption algorithm or using the most permissive access control restrictions.",,,,Not Language-Specific
639,CWE,639,Authorization Bypass Through User-Controlled Key,Base,Incomplete,The system's authorization functionality does not prevent one user from gaining access to another user's data or record by modifying the key value identifying the data.,,,,Not Language-Specific
640,CWE,640,Weak Password Recovery Mechanism for Forgotten Password,Base,Incomplete,"The product contains a mechanism for users to recover or change their passwords without knowing the original password, but the mechanism is weak.",,,,Not Language-Specific
642,CWE,642,External Control of Critical State Data,Class,Draft,"The product stores security-critical state information about its users, or the product itself, in a location that is accessible to unauthorized actors.",,,,Not Language-Specific
643,CWE,643,Improper Neutralization of Data within XPath Expressions ('XPath Injection'),Base,Incomplete,"The product uses external input to dynamically construct an XPath expression used to retrieve data from an XML database, but it does not neutralize or incorrectly neutralizes that input. This allows an attacker to control the structure of the query.",,,,Not Language-Specific
644,CWE,644,Improper Neutralization of HTTP Headers for Scripting Syntax,Variant,Incomplete,"The product does not neutralize or incorrectly neutralizes web scripting syntax in HTTP headers that can be used by web browser components that can process raw headers, such as Flash.",,,,Not Language-Specific
646,CWE,646,Reliance on File Name or Extension of Externally-Supplied File,Variant,Incomplete,"The product allows a file to be uploaded, but it relies on the file name or extension of the file to determine the appropriate behaviors. This could be used by attackers to cause the file to be misclassified and processed in a dangerous fashion.",,,,Not Language-Specific
653,CWE,653,Improper Isolation or Compartmentalization,Class,Draft,"The product does not properly compartmentalize or isolate functionality, processes, or resources that require different privilege levels, rights, or permissions.",,,,Not Language-Specific
656,CWE,656,Reliance on Security Through Obscurity,Class,Draft,"The product uses a protection mechanism whose strength depends heavily on its obscurity, such that knowledge of its algorithms or key data is sufficient to defeat the mechanism.",,,,Not Language-Specific
657,CWE,657,Violation of Secure Design Principles,Class,Draft,The product violates well-established principles for secure design.,,,,Not Language-Specific
668,CWE,668,Exposure of Resource to Wrong Sphere,Class,Draft,"The product exposes a resource to the wrong control sphere, providing unintended actors with inappropriate access to the resource.",,,,Not Language-Specific
676,CWE,676,Use of Potentially Dangerous Function,Base,Draft,"The product invokes a potentially dangerous function that could introduce a vulnerability if it is used incorrectly, but the function can also be used safely.",,,,C
693,CWE,693,Protection Mechanism Failure,Pillar,Draft,The product does not use or incorrectly uses a protection mechanism that provides sufficient defense against directed attacks against the product.,,,,Not Language-Specific
703,CWE,703,Improper Check or Handling of Exceptional Conditions,Pillar,Incomplete,The product does not properly anticipate or handle exceptional conditions that rarely occur during normal operation of the product.,,,,Not Language-Specific
732,CWE,732,Incorrect Permission Assignment for Critical Resource,Class,Draft,The product specifies permissions for a security-critical resource in a way that allows that resource to be read or modified by unintended actors.,,,,Not Language-Specific
749,CWE,749,Exposed Dangerous Method or Function,Base,Incomplete,"The product provides an Applications Programming Interface (API) or similar interface for interaction with external actors, but the interface includes a dangerous method or function that is not properly restricted.",,,,Not Language-Specific
754,CWE,754,Improper Check for Unusual or Exceptional Conditions,Class,Incomplete,The product does not check or incorrectly checks for unusual or exceptional conditions that are not expected to occur frequently during day to day operation of the product.,,,,Not Language-Specific
755,CWE,755,Improper Handling of Exceptional Conditions,Class,Incomplete,The product does not handle or incorrectly handles an exceptional condition.,,,,Not Language-Specific
756,CWE,756,Missing Custom Error Page,Base,Incomplete,"The product does not return custom error pages to the user, possibly exposing sensitive information.",,,,Not Language-Specific
757,CWE,757,Selection of Less-Secure Algorithm During Negotiation ('Algorithm Downgrade'),Base,Incomplete,"A protocol or its implementation supports interaction between multiple actors and allows those actors to negotiate which algorithm should be used as a protection mechanism such as encryption or authentication, but it does not select the strongest algorithm that is available to both parties.",,,,Not Language-Specific
759,CWE,759,Use of a One-Way Hash without a Salt,Variant,Incomplete,"The product uses a one-way cryptographic hash against an input that should not be reversible, such as a password, but the product does not also use a salt as part of the input.",,,,Not Language-Specific
760,CWE,760,Use of a One-Way Hash with a Predictable Salt,Variant,Incomplete,"The product uses a one-way cryptographic hash against an input that should not be reversible, such as a password, but the product uses a predictable salt as part of the input.",,,,Not Language-Specific
776,CWE,776,Improper Restriction of Recursive Entity References in DTDs ('XML Entity Expansion'),Base,Draft,"The product uses XML documents and allows their structure to be defined with a Document Type Definition (DTD), but it does not properly control the number of recursive definitions of entities.",,,,XML
778,CWE,778,Insufficient Logging,Base,Draft,"When a security-critical event occurs, the product either does not record the event or omits important details about the event when logging it.",,,,Not Language-Specific
780,CWE,780,Use of RSA Algorithm without OAEP,Variant,Incomplete,"The product uses the RSA algorithm but does not incorporate Optimal Asymmetric Encryption Padding (OAEP), which might weaken the encryption.",,,,Not Language-Specific
784,CWE,784,Reliance on Cookies without Validation and Integrity Checking in a Security Decision,Variant,Draft,"The product uses a protection mechanism that relies on the existence or values of a cookie, but it does not properly ensure that the cookie is valid for the associated user.",,,,Not Language-Specific
798,CWE,798,Use of Hard-coded Credentials,Base,Draft,"The product contains hard-coded credentials, such as a password or cryptographic key.",,,,Not Language-Specific
799,CWE,799,Improper Control of Interaction Frequency,Class,Incomplete,"The product does not properly limit the number or frequency of interactions that it has with an actor, such as the number of incoming requests.",,,,Not Language-Specific
807,CWE,807,Reliance on Untrusted Inputs in a Security Decision,Base,Incomplete,"The product uses a protection mechanism that relies on the existence or values of an input, but the input can be modified by an untrusted actor in a way that bypasses the protection mechanism.",,,,Not Language-Specific
829,CWE,829,Inclusion of Functionality from Untrusted Control Sphere,Base,Incomplete,"The product imports, requires, or includes executable functionality (such as a library) from a source that is outside of the intended control sphere.",,,,Not Language-Specific
830,CWE,830,Inclusion of Web Functionality from an Untrusted Source,Variant,Incomplete,"The product includes web functionality (such as a web widget) from another domain, which causes it to operate within the domain of the product, potentially granting total access and control of the product to the untrusted source.",,,,Not Language-Specific
841,CWE,841,Improper Enforcement of Behavioral Workflow,Class,Incomplete,"The product supports a session in which more than one behavior must be performed by an actor, but it does not properly ensure that the actor performs the behaviors in the required sequence.",,,,Not Language-Specific
862,CWE,862,Missing Authorization,Class,Incomplete,The product does not perform an authorization check when an actor attempts to access a resource or perform an action.,,,,Not Language-Specific
863,CWE,863,Incorrect Authorization,Class,Incomplete,"The product performs an authorization check when an actor attempts to access a resource or perform an action, but it does not correctly perform the check.",,,,Not Language-Specific
915,CWE,915,Improperly Controlled Modification of Dynamically-Determined Object Attributes,Base,Incomplete,"The product receives input from an upstream component that specifies multiple attributes, properties, or fields that are to be initialized or updated in an object, but it does not properly control which attributes can be modified.",,,,Ruby
916,CWE,916,Use of Password Hash With Insufficient Computational Effort,Base,Incomplete,"The product generates a hash for a password, but it uses a scheme that does not provide a sufficient level of computational effort that would make password cracking attacks infeasible or expensive.",,,,Not Language-Specific
917,CWE,917,Improper Neutralization of Special Elements used in an Expression Language Statement ('Expression Language Injection'),Base,Incomplete,"The product constructs all or part of an expression language (EL) statement in a framework such as a Java Server Page (JSP) using externally-influenced input from an upstream component, but it does not neutralize or incorrectly neutralizes special elements that could modify the intended EL statement before it is executed.",,,,Java
918,CWE,918,Server-Side Request Forgery (SSRF),Base,Incomplete,"The web server receives a URL or similar request from an upstream component and retrieves the contents of this URL, but it does not sufficiently ensure that the request is being sent to the expected destination.",,,,Not Language-Specific
922,CWE,922,Insecure Storage of Sensitive Information,Class,Incomplete,The product stores sensitive information without properly limiting read or write access by unauthorized actors.,,,,Not Language-Specific
926,CWE,926,Improper Export of Android Application Components,Variant,Incomplete,"The Android application exports a component for use by other applications, but does not properly restrict which applications can launch the component or access the data it contains.",,,,Not Language-Specific
940,CWE,940,Improper Verification of Source of a Communication Channel,Base,Incomplete,"The product establishes a communication channel to handle an incoming request that has been initiated by an actor, but it does not properly verify that the request is coming from the expected origin.",,,,Not Language-Specific
941,CWE,941,Incorrectly Specified Destination in a Communication Channel,Base,Incomplete,"The product creates a communication channel to initiate an outgoing request to an actor, but it does not correctly specify the intended destination for that actor.",,,,Not Language-Specific
942,CWE,942,Permissive Cross-domain Security Policy with Untrusted Domains,Variant,Incomplete,"The product uses a web-client protection mechanism such as a Content Security Policy (CSP) or cross-domain policy file, but the policy includes untrusted domains with which the web client is allowed to communicate.",,,,Not Language-Specific
1004,CWE,1004,Sensitive Cookie Without 'HttpOnly' Flag,Variant,Incomplete,"The product uses a cookie to store sensitive information, but the cookie is not marked with the HttpOnly flag.",,,,Not Language-Specific
1021,CWE,1021,Improper Restriction of Rendered UI Layers or Frames,Base,Incomplete,The web application does not restrict or incorrectly restricts frame objects or UI layers that belong to another application or domain.,,,,Not Language-Specific
1022,CWE,1022,Use of Web Link to Untrusted Target with window.opener Access,Variant,Incomplete,"The web application produces links to untrusted external sites outside of its sphere of control, but it does not properly prevent the external site from modifying security-critical properties of the window.opener object, such as the location property.",,,,JavaScript
1104,CWE,1104,Use of Unmaintained Third Party Components,Base,Incomplete,The product relies on third-party components that are not actively supported or maintained by the original developer or a trusted proxy for the original developer.,,,,Not Language-Specific
1125,CWE,1125,Excessive Attack Surface,Base,Incomplete,The product has an attack surface whose quantitative measurement exceeds a desirable maximum.,,,,Not Language-Specific
1174,CWE,1174,ASP.NET Misconfiguration: Improper Model Validation,Variant,Draft,"The ASP.NET application does not use, or incorrectly uses, the model validation framework.",,,,ASP.NET
1240,CWE,1240,Use of a Cryptographic Primitive with a Risky Implementation,Base,Draft,"To fulfill the need for a cryptographic primitive, the product implements a cryptographic algorithm using a non-standard, unproven, or disallowed/non-compliant cryptographic implementation.",,,,Not Language-Specific
1241,CWE,1241,Use of Predictable Algorithm in Random Number Generator,Base,Draft,The device uses an algorithm that is predictable and generates a pseudo-random number.,,,,
1275,CWE,1275,Sensitive Cookie with Improper SameSite Attribute,Variant,Incomplete,"The SameSite attribute for sensitive cookies is not set, or an insecure value is used.",,,,Not Language-Specific
1329,CWE,1329,Reliance on Component That is Not Updateable,Base,Incomplete,The product contains a component that cannot be updated or patched in order to remove vulnerabilities or significant bugs.,,,,Not Language-Specific
1390,CWE,1390,Weak Authentication,Class,Incomplete,"The product uses an authentication mechanism to restrict access to specific users or identities, but the mechanism does not sufficiently prove that the claimed identity is correct.",,,,Not Language-Specific
1391,CWE,1391,Use of Weak Credentials,Class,Incomplete,"The product uses weak credentials (such as a default key or hard-coded password) that can be calculated, derived, reused, or guessed by an attacker.",,,,Not Language-Specific
1392,CWE,1392,Use of Default Credentials,Base,Incomplete,The product uses default credentials (such as passwords or cryptographic keys) for potentially critical functionality.,,,,Not Language-Specific
1393,CWE,1393,Use of Default Password,Base,Incomplete,The product uses default passwords for potentially critical functionality.,,,,Not Language-Specific
1395,CWE,1395,Dependency on Vulnerable Third-Party Component,Class,Incomplete,The product has a dependency on a third-party component that contains one or more known vulnerabilities.,,,,Not Language-Specific
1436,OWASP_CATEGORY,1436,OWASP Top Ten 2025 Category A01:2025 - Broken Access Control,Category,Incomplete,"Weaknesses in this category are related to the A01 category ""Broken Access Control"" in the OWASP Top Ten 2025.",A01:2025,Broken Access Control,,Not Language-Specific
1437,OWASP_CATEGORY,1437,OWASP Top Ten 2025 Category A02:2025 - Security Misconfiguration,Category,Incomplete,"Weaknesses in this category are related to the A02 category ""Security Misconfiguration"" in the OWASP Top Ten 2025.",A02:2025,Security Misconfiguration,,Not Language-Specific
1438,OWASP_CATEGORY,1438,OWASP Top Ten 2025 Category A03:2025 - Software Supply Chain Failures,Category,Incomplete,"Weaknesses in this category are related to the A03 category ""Software Supply Chain Failures"" in the OWASP Top Ten 2025.",A03:2025,Software Supply Chain Failures,,Not Language-Specific
1439,OWASP_CATEGORY,1439,OWASP Top Ten 2025 Category A04:2025 - Cryptographic Failures,Category,Incomplete,"Weaknesses in this category are related to the A04 category ""Cryptographic Failures"" in the OWASP Top Ten 2025.",A04:2025,Cryptographic Failures,,Not Language-Specific
1440,OWASP_CATEGORY,1440,OWASP Top Ten 2025 Category A05:2025 - Injection,Category,Incomplete,"Weaknesses in this category are related to the A05 category ""Injection"" in the OWASP Top Ten 2025.",A05:2025,Injection,,Not Language-Specific
1441,OWASP_CATEGORY,1441,OWASP Top Ten 2025 Category A06:2025 - Insecure Design,Category,Incomplete,"Weaknesses in this category are related to the A06 category ""Insecure Design"" in the OWASP Top Ten 2025.",A06:2025,Insecure Design,,Not Language-Specific
1442,OWASP_CATEGORY,1442,OWASP Top Ten 2025 Category A07:2025 - Authentication Failures,Category,Incomplete,"Weaknesses in this category are related to the A07 category ""Authentication Failures"" in the OWASP Top Ten 2025.",A07:2025,Authentication Failures,,Not Language-Specific
1443,OWASP_CATEGORY,1443,OWASP Top Ten 2025 Category A08:2025 - Software or Data Integrity Failures,Category,Incomplete,"Weaknesses in this category are related to the A08 category ""Software or Data Integrity Failures"" in the OWASP Top Ten 2025.",A08:2025,Software or Data Integrity Failures,,Not Language-Specific
1444,OWASP_CATEGORY,1444,OWASP Top Ten 2025 Category A09:2025 - Logging and Alerting Failures,Category,Incomplete,"Weaknesses in this category are related to the A09 category ""Logging and Alerting Failures"" in the OWASP Top Ten 2025.",A09:2025,Logging and Alerting Failures,,Not Language-Specific
1445,OWASP_CATEGORY,1445,OWASP Top Ten 2025 Category A10:2025 - Mishandling of Exceptional Conditions,Category,Incomplete,"Weaknesses in this category are related to the A10 category ""Mishandling of Exceptional Conditions"" in the OWASP Top Ten 2025.",A10:2025,Mishandling of Exceptional Conditions,,Not Language-Specific
1450,OWASP_VIEW,1450,Weaknesses in OWASP Top Ten RC1 (2025),Category,Incomplete,Weaknesses in this category are related to the OWASP Top Ten (2025). This category is provided to give overview of the OWASP Top Ten 2025.,,,,Not Language-Specific
